{
  "沙尘暴": "000000",
  "中雨": "000001",
  "010011": "雨夹雪",
  "零散阵雪": "000100",
  "少云": "001101",
  "001100": "阵雪",
  "100000": "大到暴雪",
  "100111": "中到大雪",
  "冰雨": "000101",
  "101000": "小到大雪",
  "001001": "小到中雪",
  "000011": "暴雨",
  "101110": "阵雨",
  "011100": "局部多云",
  "101001": "阴天",
  "001011": "强沙尘暴",
  "小到中雪": "001001",
  "000111": "雷阵雨",
  "阵雪": "001100",
  "010101": "冻雨",
  "中雨-大雨": "010001",
  "阴": "010010",
  "010010": "阴",
  "大雪": "010100",
  "冻雨": "010101",
  "雷阵雨伴有冰雹": "011000",
  "大雨-暴雨": "010111",
  "011101": "雨雪混合",
  "010001": "中雨-大雨",
  "010110": "霾",
  "零散雷雨": "011011",
  "000000": "沙尘暴",
  "101010": "大暴雨",
  "001000": "刮风",
  "101100": "浮尘",
  "大到暴雪": "100000",
  "-": "100001",
  "100010": "扬沙",
  "雾": "100100",
  "雨": "100101",
  "100001": "-",
  "101111": "中到大雨",
  "110010": "晴",
  "001111": "大到暴雨",
  "大暴雨": "101010",
  "011001": "小雨",
  "浮尘": "101100",
  "000010": "雪",
  "雷雨": "110000",
  "大雨": "011010",
  "零散阵雨": "110001",
  "晴": "110010",
  "中雪-大雪": "011111",
  "011011": "零散雷雨",
  "雪": "000010",
  "暴雨": "000011",
  "100011": "小雨-中雨",
  "小到中雨": "000110",
  "100100": "雾",
  "雷阵雨": "000111",
  "011010": "大雨",
  "010111": "大雨-暴雨",
  "000101": "冰雨",
  "010100": "大雪",
  "刮风": "001000",
  "扬沙": "100010",
  "010000": "小雪-中雪",
  "多云": "001010",
  "强沙尘暴": "001011",
  "000110": "小到中雨",
  "小雪": "001110",
  "大到暴雨": "001111",
  "阵雨": "101110",
  "小雪-中雪": "010000",
  "000001": "中雨",
  "100101": "雨",
  "000100": "零散阵雪",
  "雨夹雪": "010011",
  "霾": "010110",
  "100110": "特大暴雨",
  "110001": "零散阵雨",
  "小雨": "011001",
  "101101": "中雪",
  "局部多云": "011100",
  "局部雷雨": "011110",
  "011111": "中雪-大雪",
  "011000": "雷阵雨伴有冰雹",
  "011110": "局部雷雨",
  "小雨-中雨": "100011",
  "001110": "小雪",
  "特大暴雨": "100110",
  "小到大雪": "101000",
  "001010": "多云",
  "阴天": "101001",
  "001101": "少云",
  "暴雪": "101011",
  "中雪": "101101",
  "中到大雨": "101111",
  "110000": "雷雨",
  "101011": "暴雪",
  "雨雪混合": "011101",
  "中到大雪": "100111"
}